{
  "type": "panel",
  "name": "Anodot",
  "id": "anodot-panel",
  "info": {
    "description": "Anodot Grafana Panel for usage together with anodot-datasource",
    "author": {
      "name": "Anodot",
      "url": "https://anodot.com"
    },
    "keywords": ["anodot"],
    "logos": {
      "small": "img/logo.svg",
      "large": "img/logo.svg"
    },
    "links": [
      {
        "name": "Anodot",
        "url": "https://anodot.com"
      }
    ],
    "screenshots": [{
      "name": "Anodot Dashboard",
      "path": "img/screenshot.png"
    }],
    "version": "1.0.0",
    "updated": "2021-04-11"
  },
  "dependencies": {
    "grafanaDependency": "7.0.x",
    "plugins": [{
      "id": "anodot-datasource",
      "name": "anodot-datasource",
      "type": "datasource",
      "version": "1.0.0"
    }]
  }
}
