{
  "type": "panel",
  "name": "Anodot",
  "id": "anodot-panel",
  "info": {
    "description": "Anodot Grafana Panel for usage together with anodot-datasource",
    "author": {
      "name": "Anodot",
      "url": "https://anodot.com"
    },
    "keywords": ["anodot"],
    "logos": {
      "small": "img/logo.svg",
      "large": "img/logo.svg"
    },
    "links": [
      {
        "name": "Anodot",
        "url": "https://anodot.com"
      }
    ],
    "screenshots": [
      {
        "name": "Anodot Dashboard",
        "path": "img/screenshot.png"
      }
    ],
    "version": "1.0.6",
    "updated": "2021-10-20"
  },
  "dependencies": {
    "grafanaDependency": ">=7.0.0",
    "plugins": []
  }
}
